Workbook
Name Dato1: [1]Lección2!$BB$44
Name Dato1: Lección2!$BB$44
Name L2_Ej1: Lección2!$L$36:$U$66
Name L2_Ej2: Lección2!$W$36:$AF$67
Name L2_EJ3: Lección2!$AG$36:$AP$67
Name L2_Ej4: Lección2!$AQ$36:$AZ$67
Name L2_Ej6: Lección2!$BK$36:$BT$66
Name L3_Ej0: 'Filas&Columnas'!$B$36:$K$60
Name Leccion2_0: Lección2!$B$2:$K$25
Name Leccion2_1: Lección2!$L$1:$U$32
Name Leccion2_2: Lección2!$W$1:$AF$33
Name LECCION2_3: Lección2!$AG$2:$AP$32
Name Leccion2_4: Lección2!$AQ$2:$AZ$33
Name Leccion2_5: Lección2!$BA$1:$BJ$33
Name Leccion2_6: Lección2!$BK$1:$BT$32
Name Leccion3_0: 'Filas&Columnas'!$B$2:$K$33

Sheet Lección2
CP1: L2_Ejercicio2 | DA1: L2_Ejercicio3 | DL1: L2_Ejercicio4

Sheet tabla1-2
A1: 13. Función buscarv()
B2: En un centro de acondicionamiento físico se requiere llevar el control de desempeño de personas que han realizado la carrera de 1000 metros planos. Cree una tabla con al menos 20 registros de datos que obedezcan a la información de cada una de las columnas.
B4: Posteriormente, cree una ventana en la que se pueda consultar la información de algunos de los participantes, suministrando su número de cédula.
B6: Cédula | C6: Fecha de nacimiento | D6: Género (H/M) | E6: Segundos empleados en carrera por los 1000 m planos | F6: IMC | G6: Pulsaciones al final de la carrera
B7: 1023458671 | C7: 36600 | D7: H | E7: 245 | F7: 22.5 | G7: 158
B8: 1014736285 | C8: 36363 | D8: M | E8: 280 | F8: 21.8 | G8: 165
B9: 1098524713 | C9: 36901 | D9: H | E9: 230 | F9: 24.2 | G9: 172
B10: 1032681459 | C10: 37565 | D10: M | E10: 295 | F10: 23.5 | G10: 168
B11: 1067315824 | C11: 35964 | D11: H | E11: 255 | F11: 26.1 | G11: 160
B12: 1005947362 | C12: 36799 | D12: M | E12: 310 | F12: 25.3 | G12: 175
B13: 1086253741 | C13: 37664 | D13: H | E13: 225 | F13: 20.9 | G13: 180
B14: 1019634528 | C14: 35575 | D14: M | E14: 275 | F14: 22.7 | G14: 162
B15: 1074821396 | C15: 37233 | D15: H | E15: 265 | F15: 27.4 | G15: 170
B16: 1056472813 | C16: 37360 | D16: M | E16: 320 | F16: 24.8 | G16: 178
B17: 1091365247 | C17: 36375 | D17: H | E17: 240 | F17: 23.1 | G17: 165
B18: 1028753614 | C18: 36826 | D18: M | E18: 290 | F18: 26.5 | G18: 173
... B26: 1059714638 | C26: 37765 | D26: M | E26: 300 | F26: 25 | G26: 179
B32: Ejercicio 2 – Fabricación de estibas
B34: # Orden de trabajo | C34: Fecha | D34: Descripción | E34: Cantidad de unidades fabricadas | F34: Cantidad de unidades aceptadas por control de calidad | G34: % de desempeño
B35: 1 | C35: 46267 | D35: Estibas estándar | E35: 120 | F35: 115 | G35: =F35/E35 -> 0.95833333
B36: 2 | C36: 46267 | D36: Estibas reforzadas | E36: 150 | F36: 142 | G36: =F36/E36 -> 0.94666667
B37: 3 | C37: 46268 | D37: Estibas estándar | E37: 100 | F37: 96 | G37: =F37/E37 -> 0.96
B38: 4 | C38: 46268 | D38: Estibas industriales | E38: 180 | F38: 171 | G38: =F38/E38 -> 0.95
B39: 5 | C39: 46269 | D39: Estibas estándar | E39: 200 | F39: 190 | G39: =F39/E39 -> 0.95
B40: 6 | C40: 46269 | D40: Estibas reforzadas | E40: 160 | F40: 152 | G40: =F40/E40 -> 0.95
B41: 7 | C41: 46270 | D41: Estibas industriales | E41: 140 | F41: 136 | G41: =F41/E41 -> 0.97142857
B42: 8 | C42: 46270 | D42: Estibas estándar | E42: 220 | F42: 208 | G42: =F42/E42 -> 0.94545455
B43: 9 | C43: 46271 | D43: Estibas reforzadas | E43: 130 | F43: 124 | G43: =F43/E43 -> 0.95384615
B44: 10 | C44: 46271 | D44: Estibas estándar | E44: 175 | F44: 169 | G44: =F44/E44 -> 0.96571429
B45: 11 | C45: 46272 | D45: Estibas industriales | E45: 250 | F45: 238 | G45: =F45/E45 -> 0.952
B46: 12 | C46: 46272 | D46: Estibas estándar | E46: 190 | F46: 183 | G46: =F46/E46 -> 0.96315789
... B54: 20 | C54: 46276 | D54: Estibas industriales | E54: 185 | F54: 176 | G54: =F54/E54 -> 0.95135135

Sheet EJERCICIO 1
B2: CEDULA | C2: 1059714638
B3: FECHA DE NACIMIENTO | C3: =VLOOKUP(C2,'tabla1-2'!B6:G26,2,FALSE) -> 37765
B4: GENERO | C4: =VLOOKUP(C2,'tabla1-2'!B7:G27,3,FALSE) -> M
B5: SEGUNDOS EMPLEADOS EN LA CARRERA | C5: =VLOOKUP(C2,'tabla1-2'!B6:G26,4,FALSE) -> 300
B6: IMC | C6: =VLOOKUP(C2,'tabla1-2'!B6:G26,5,FALSE) -> 25
B7: PULSACIONES AL FINAL DE LA CARRERA | C7: =VLOOKUP(C2,'tabla1-2'!B6:G26,6,FALSE) -> 179

Sheet EJERCICIO 2
B2: ORDEN DE TRABAJO | C2: 12
B3: Fecha | C3: =VLOOKUP(C2,'tabla1-2'!B34:G54,2,FALSE) -> 46272
B4: Descripcion | C4: =VLOOKUP(C2,'tabla1-2'!B35:G55,3,FALSE) -> Estibas estándar
B5: Cantidad de unidades fabricadas | C5: =VLOOKUP(C2,'tabla1-2'!B34:G54,4,) -> 190
B6: Cantidad de unidades aceptadas por control de calidad | C6: =VLOOKUP(C2,'tabla1-2'!B35:G55,5,FALSE) -> 183
B7: % de desempeño | C7: =VLOOKUP(C2,'tabla1-2'!B34:G54,6,FALSE) -> 0.96315789

Sheet 11

Sheet 13

Sheet Filas&Columnas
B2: Leccion3

Sheet Grabar.archivo

Sheet Celdas

Sheet Rangos

Sheet Series

Sheet Referencias-Relativas

Sheet Referencias-absolutas

Sheet Operaciones-matematicas

Sheet Operaciones-logicas

Sheet Operacion de Concatenación

Sheet Operacion-de-Referencia
